{
    "dt": 0.04,
    "total_time": 20.199999999999747,
    "n_active": 0,
    "m_kill": 1e-14,
    "v_kill": 3000.0,
    "h_kill": -5006.0,
    "len_kill": -1000.0,
    "h_init": 180000.0,
    "P_0m": 3030.0,
    "dens_co": [
        1.2933339631459624,
        -168.79760466175648,
        2761.587147390481,
        -25435.588035232522,
        23285.59912227757,
        714113.3535614329,
        -2375513.3696188526
    ],
    "r_earth": 6359841.4241898265,
    "total_fragments": 185,
    "wake_psf": 3.0,
    "wake_extension": 200.0,
    "rho": 1500.0,
    "m_init": 643000.0,
    "v_init": 13000.0,
    "shape_factor": 0.8,
    "sigma": 5e-09,
    "zenith_angle": 0.821177413063332,
    "gamma": 1.0,
    "rho_grain": 3500.0,
    "lum_eff_type": 0,
    "lum_eff": 13.35,
    "mu": 3.8180000000000003e-26,
    "erosion_on": false,
    "erosion_bins_per_10mass": 2,
    "erosion_height_start": 67365.0,
    "erosion_coeff": 3.3e-07,
    "erosion_height_change": -2005.9999999999998,
    "erosion_coeff_change": 3.3e-07,
    "erosion_rho_change": 1500.0,
    "erosion_sigma_change": 5e-09,
    "erosion_mass_index": 2.5,
    "erosion_mass_min": 1e-11,
    "erosion_mass_max": 5e-10,
    "disruption_on": false,
    "compressive_strength": 2000.0,
    "disruption_height": null,
    "disruption_erosion_coeff": 3.3e-07,
    "disruption_mass_index": 2.0,
    "disruption_mass_min_ratio": 0.01,
    "disruption_mass_max_ratio": 0.1,
    "disruption_mass_grain_ratio": 0.25,
    "fragmentation_on": true,
    "fragmentation_show_individual_lcs": true,
    "fragmentation_entries": [
        {
            "id": 0,
            "done": true,
            "frag_type": "EF",
            "upward_only": false,
            "height": 58000.0,
            "number": 1,
            "mass_percent": 60.462,
            "sigma": null,
            "gamma": null,
            "erosion_coeff": 8.1293e-06,
            "grain_mass_min": 0.00417,
            "grain_mass_max": 0.0508,
            "mass_index": 2.5,
            "time": 13.91999999999988,
            "dyn_pressure": 49658.88354225058,
            "velocity": 12996.985984557989,
            "parent_mass": 642950.3522103456,
            "mass": 388740.64195341914,
            "final_mass": null,
            "main_time_data": [],
            "main_height_data": [],
            "main_luminosity": [],
            "main_abs_mag": [],
            "main_tau_over_lum": [],
            "main_tau": [],
            "grains_time_data": [],
            "grains_height_data": [],
            "grains_luminosity": [],
            "grains_abs_mag": [],
            "grains_tau_over_lum": [],
            "grains_tau": []
        },
        {
            "id": 1,
            "done": true,
            "frag_type": "EF",
            "upward_only": false,
            "height": 38000.0,
            "number": 1,
            "mass_percent": 99.898,
            "sigma": null,
            "gamma": null,
            "erosion_coeff": 4.0515999999999995e-06,
            "grain_mass_min": 0.909,
            "grain_mass_max": 1.28,
            "mass_index": 2.5,
            "time": 16.23999999999983,
            "dyn_pressure": 617618.4783575349,
            "velocity": 12945.723411483727,
            "parent_mass": 253365.75644739004,
            "mass": 253107.3233758137,
            "final_mass": null,
            "main_time_data": [],
            "main_height_data": [],
            "main_luminosity": [],
            "main_abs_mag": [],
            "main_tau_over_lum": [],
            "main_tau": [],
            "grains_time_data": [],
            "grains_height_data": [],
            "grains_luminosity": [],
            "grains_abs_mag": [],
            "grains_tau_over_lum": [],
            "grains_tau": []
        }
    ],
    "fragmentation_file_name": "metsim_fragmentation.txt",
    "electron_density_meas_ht": -1000.0,
    "electron_density_meas_q": -1.0,
    "erosion_beg_vel": null,
    "erosion_beg_mass": null,
    "erosion_beg_dyn_press": null,
    "mass_at_erosion_change": null,
    "energy_per_cs_before_erosion": null,
    "energy_per_mass_before_erosion": null,
    "main_mass_exhaustion_ht": 15135.870186488277,
    "main_bottom_ht": 15135.870186488277
}