{
    "dt": 0.04,
    "total_time": 14.519999999999866,
    "n_active": 0,
    "m_kill": 1e-14,
    "v_kill": 3000.0,
    "h_kill": 10194.0,
    "len_kill": -1000.0,
    "h_init": 180000.0,
    "P_0m": 3030.0,
    "dens_co": [
        1.8711620767711044,
        -229.83144250499456,
        5449.3613450408175,
        -74515.89679368827,
        446470.0587911939,
        -1011380.1500935825,
        310222.8742728522
    ],
    "r_earth": 6367808.358943568,
    "total_fragments": 751,
    "wake_psf": 3.0,
    "wake_extension": 200.0,
    "rho": 1500.0,
    "m_init": 2790000.0,
    "v_init": 15200.0,
    "shape_factor": 0.8,
    "sigma": 5e-09,
    "zenith_angle": 0.6065193683605494,
    "gamma": 1.0,
    "rho_grain": 3500.0,
    "lum_eff_type": 7,
    "lum_eff": 0.7,
    "mu": 3.8180000000000003e-26,
    "erosion_on": false,
    "erosion_bins_per_10mass": 2,
    "erosion_height_start": 75177.0,
    "erosion_coeff": 3.3e-07,
    "erosion_height_change": 13194.0,
    "erosion_coeff_change": 3.3e-07,
    "erosion_rho_change": 1500.0,
    "erosion_sigma_change": 5e-09,
    "erosion_mass_index": 2.5,
    "erosion_mass_min": 1e-11,
    "erosion_mass_max": 5e-10,
    "disruption_on": false,
    "compressive_strength": 2000.0,
    "disruption_height": null,
    "disruption_erosion_coeff": 3.3e-07,
    "disruption_mass_index": 2.0,
    "disruption_mass_min_ratio": 0.01,
    "disruption_mass_max_ratio": 0.1,
    "disruption_mass_grain_ratio": 0.25,
    "fragmentation_on": true,
    "fragmentation_show_individual_lcs": true,
    "fragmentation_entries": [
        {
            "id": 0,
            "done": true,
            "frag_type": "D",
            "upward_only": false,
            "height": 80000.0,
            "number": null,
            "mass_percent": 3.39459016,
            "sigma": null,
            "gamma": null,
            "erosion_coeff": null,
            "grain_mass_min": 0.0103178469,
            "grain_mass_max": 0.0503314966,
            "mass_index": 2.5,
            "time": 8.000000000000005,
            "dyn_pressure": 3908.919751444343,
            "velocity": 15199.932861296225,
            "parent_mass": 2794901.5379011547,
            "mass": 94875.45258728127,
            "final_mass": null,
            "main_time_data": [],
            "main_height_data": [],
            "main_luminosity": [],
            "main_abs_mag": [],
            "main_tau_over_lum": [],
            "main_tau": [],
            "grains_time_data": [],
            "grains_height_data": [],
            "grains_luminosity": [],
            "grains_abs_mag": [],
            "grains_tau_over_lum": [],
            "grains_tau": []
        },
        {
            "id": 1,
            "done": true,
            "frag_type": "EF",
            "upward_only": false,
            "height": 62000.0,
            "number": 1,
            "mass_percent": 44.3595868,
            "sigma": null,
            "gamma": null,
            "erosion_coeff": 1.5321581799999998e-06,
            "grain_mass_min": 0.000120472123,
            "grain_mass_max": 0.564072385,
            "mass_index": 2.5,
            "time": 9.479999999999974,
            "dyn_pressure": 71405.64239371003,
            "velocity": 15198.293963449421,
            "parent_mass": 2699689.3037786824,
            "mass": 1197571.0200400203,
            "final_mass": null,
            "main_time_data": [],
            "main_height_data": [],
            "main_luminosity": [],
            "main_abs_mag": [],
            "main_tau_over_lum": [],
            "main_tau": [],
            "grains_time_data": [],
            "grains_height_data": [],
            "grains_luminosity": [],
            "grains_abs_mag": [],
            "grains_tau_over_lum": [],
            "grains_tau": []
        },
        {
            "id": 2,
            "done": true,
            "frag_type": "EF",
            "upward_only": false,
            "height": 47000.0,
            "number": 1,
            "mass_percent": 23.044881,
            "sigma": null,
            "gamma": null,
            "erosion_coeff": 3.29180188e-06,
            "grain_mass_min": 0.00296424765,
            "grain_mass_max": 0.403018658,
            "mass_index": 2.5,
            "time": 10.679999999999948,
            "dyn_pressure": 466029.10810495383,
            "velocity": 15184.012670972694,
            "parent_mass": 1500489.4077444247,
            "mass": 345785.99843230745,
            "final_mass": null,
            "main_time_data": [],
            "main_height_data": [],
            "main_luminosity": [],
            "main_abs_mag": [],
            "main_tau_over_lum": [],
            "main_tau": [],
            "grains_time_data": [],
            "grains_height_data": [],
            "grains_luminosity": [],
            "grains_abs_mag": [],
            "grains_tau_over_lum": [],
            "grains_tau": []
        },
        {
            "id": 3,
            "done": true,
            "frag_type": "EF",
            "upward_only": false,
            "height": 39000.0,
            "number": 1,
            "mass_percent": 47.3563292,
            "sigma": null,
            "gamma": null,
            "erosion_coeff": 3.47758754e-06,
            "grain_mass_min": 0.347041755,
            "grain_mass_max": 0.664112175,
            "mass_index": 2.5,
            "time": 11.319999999999935,
            "dyn_pressure": 1147981.3004436002,
            "velocity": 15155.009654724634,
            "parent_mass": 1152165.4339294208,
            "mass": 545623.255820225,
            "final_mass": null,
            "main_time_data": [],
            "main_height_data": [],
            "main_luminosity": [],
            "main_abs_mag": [],
            "main_tau_over_lum": [],
            "main_tau": [],
            "grains_time_data": [],
            "grains_height_data": [],
            "grains_luminosity": [],
            "grains_abs_mag": [],
            "grains_tau_over_lum": [],
            "grains_tau": []
        },
        {
            "id": 4,
            "done": true,
            "frag_type": "EF",
            "upward_only": false,
            "height": 33750.0,
            "number": 1,
            "mass_percent": 99.5408021,
            "sigma": null,
            "gamma": null,
            "erosion_coeff": 9.78012622e-07,
            "grain_mass_min": 0.00856338941,
            "grain_mass_max": 0.0492696755,
            "mass_index": 2.5,
            "time": 11.759999999999925,
            "dyn_pressure": 2176205.5874173404,
            "velocity": 15102.625142739545,
            "parent_mass": 604142.1109424089,
            "mass": 601367.9030559456,
            "final_mass": null,
            "main_time_data": [],
            "main_height_data": [],
            "main_luminosity": [],
            "main_abs_mag": [],
            "main_tau_over_lum": [],
            "main_tau": [],
            "grains_time_data": [],
            "grains_height_data": [],
            "grains_luminosity": [],
            "grains_abs_mag": [],
            "grains_tau_over_lum": [],
            "grains_tau": []
        }
    ],
    "fragmentation_file_name": "metsim_fragmentation.txt",
    "electron_density_meas_ht": -1000.0,
    "electron_density_meas_q": -1.0,
    "erosion_beg_vel": null,
    "erosion_beg_mass": null,
    "erosion_beg_dyn_press": null,
    "mass_at_erosion_change": null,
    "energy_per_cs_before_erosion": null,
    "energy_per_mass_before_erosion": null,
    "main_mass_exhaustion_ht": 11529.465559593089,
    "main_bottom_ht": 11529.465559593089
}