{
    "dt": 0.005,
    "total_time": 11.160000000000345,
    "n_active": 0,
    "m_kill": 1e-14,
    "v_kill": 3000.0,
    "h_kill": 14279.0,
    "len_kill": -1000.0,
    "h_init": 180000.0,
    "P_0m": 1250.0,
    "dens_co": [
        0.936051512029156,
        -126.20537868826122,
        1386.8038141988166,
        -4426.757500775357,
        -143098.45155412014,
        1369235.4142715847,
        -3388515.278242399
    ],
    "r_earth": 6371008.7714,
    "total_fragments": 1599,
    "wake_psf": 3.0,
    "wake_extension": 200.0,
    "rho": 3400.0,
    "m_init": 2100.0,
    "v_init": 21960.0,
    "shape_factor": 1.0,
    "sigma": 5e-09,
    "zenith_angle": 0.7136476778479615,
    "gamma": 0.8,
    "rho_grain": 3500.0,
    "lum_eff_type": 7,
    "lum_eff": 0.7,
    "mu": 3.8180000000000003e-26,
    "erosion_on": false,
    "erosion_bins_per_10mass": 2,
    "erosion_height_start": 70000.0,
    "erosion_coeff": 8e-08,
    "erosion_height_change": 40000.0,
    "erosion_coeff_change": 0.0,
    "erosion_rho_change": 3400.0,
    "erosion_sigma_change": 5e-09,
    "erosion_mass_index": 2.0,
    "erosion_mass_min": 0.0001,
    "erosion_mass_max": 0.001,
    "disruption_on": false,
    "compressive_strength": 2000.0,
    "disruption_height": null,
    "disruption_erosion_coeff": 8e-08,
    "disruption_mass_index": 2.0,
    "disruption_mass_min_ratio": 0.01,
    "disruption_mass_max_ratio": 0.1,
    "disruption_mass_grain_ratio": 0.25,
    "fragmentation_on": true,
    "fragmentation_show_individual_lcs": true,
    "fragmentation_entries": [
        {
            "id": 0,
            "done": true,
            "frag_type": "EF",
            "upward_only": false,
            "height": 72000.0,
            "number": 1,
            "mass_percent": 4.0,
            "sigma": 2.5000000000000002e-08,
            "gamma": null,
            "erosion_coeff": 2.5e-06,
            "grain_mass_min": 0.0001,
            "grain_mass_max": 0.001,
            "mass_index": 2.0,
            "time": 6.544999999999883,
            "dyn_pressure": 25058.395679537374,
            "velocity": 21957.264051556584,
            "parent_mass": 2099.3683310195356,
            "mass": 83.97473324078143,
            "final_mass": null,
            "main_time_data": [],
            "main_height_data": [],
            "main_luminosity": [],
            "main_abs_mag": [],
            "main_tau_over_lum": [],
            "main_tau": [],
            "grains_time_data": [],
            "grains_height_data": [],
            "grains_luminosity": [],
            "grains_abs_mag": [],
            "grains_tau_over_lum": [],
            "grains_tau": []
        },
        {
            "id": 1,
            "done": true,
            "frag_type": "EF",
            "upward_only": false,
            "height": 55000.0,
            "number": 1,
            "mass_percent": 4.0,
            "sigma": null,
            "gamma": null,
            "erosion_coeff": 1.5e-06,
            "grain_mass_min": 0.0001,
            "grain_mass_max": 0.001,
            "mass_index": 2.0,
            "time": 7.5849999999998605,
            "dyn_pressure": 263238.048620704,
            "velocity": 21926.85448205348,
            "parent_mass": 2008.680692868832,
            "mass": 80.34722771475329,
            "final_mass": null,
            "main_time_data": [],
            "main_height_data": [],
            "main_luminosity": [],
            "main_abs_mag": [],
            "main_tau_over_lum": [],
            "main_tau": [],
            "grains_time_data": [],
            "grains_height_data": [],
            "grains_luminosity": [],
            "grains_abs_mag": [],
            "grains_tau_over_lum": [],
            "grains_tau": []
        },
        {
            "id": 2,
            "done": true,
            "frag_type": "EF",
            "upward_only": false,
            "height": 48500.0,
            "number": 1,
            "mass_percent": 1.5,
            "sigma": null,
            "gamma": null,
            "erosion_coeff": 1.5e-06,
            "grain_mass_min": 0.0001,
            "grain_mass_max": 0.001,
            "mass_index": 2.0,
            "time": 7.979999999999852,
            "dyn_pressure": 602307.7792243592,
            "velocity": 21880.508054183363,
            "parent_mass": 1918.5698774061548,
            "mass": 28.77854816109232,
            "final_mass": null,
            "main_time_data": [],
            "main_height_data": [],
            "main_luminosity": [],
            "main_abs_mag": [],
            "main_tau_over_lum": [],
            "main_tau": [],
            "grains_time_data": [],
            "grains_height_data": [],
            "grains_luminosity": [],
            "grains_abs_mag": [],
            "grains_tau_over_lum": [],
            "grains_tau": []
        },
        {
            "id": 3,
            "done": true,
            "frag_type": "F",
            "upward_only": false,
            "height": 40000.0,
            "number": 3,
            "mass_percent": 6.5,
            "sigma": 5e-09,
            "gamma": null,
            "erosion_coeff": null,
            "grain_mass_min": null,
            "grain_mass_max": null,
            "mass_index": null,
            "time": 8.50499999999993,
            "dyn_pressure": 1793846.9673085692,
            "velocity": 21715.270141808483,
            "parent_mass": 1856.0572566128608,
            "mass": 120.64372167983595,
            "final_mass": 37.69903577155183,
            "main_time_data": [],
            "main_height_data": [],
            "main_luminosity": [],
            "main_abs_mag": [],
            "main_tau_over_lum": [],
            "main_tau": [],
            "grains_time_data": [],
            "grains_height_data": [],
            "grains_luminosity": [],
            "grains_abs_mag": [],
            "grains_tau_over_lum": [],
            "grains_tau": []
        },
        {
            "id": 4,
            "done": true,
            "frag_type": "EF",
            "upward_only": false,
            "height": 37700.0,
            "number": 1,
            "mass_percent": 3.0,
            "sigma": null,
            "gamma": null,
            "erosion_coeff": 1e-06,
            "grain_mass_min": 0.0001,
            "grain_mass_max": 0.001,
            "mass_index": 2.0,
            "time": 8.649999999999952,
            "dyn_pressure": 2433608.1140898694,
            "velocity": 21625.118731843253,
            "parent_mass": 1718.539942092874,
            "mass": 51.55619826278622,
            "final_mass": null,
            "main_time_data": [],
            "main_height_data": [],
            "main_luminosity": [],
            "main_abs_mag": [],
            "main_tau_over_lum": [],
            "main_tau": [],
            "grains_time_data": [],
            "grains_height_data": [],
            "grains_luminosity": [],
            "grains_abs_mag": [],
            "grains_tau_over_lum": [],
            "grains_tau": []
        },
        {
            "id": 5,
            "done": true,
            "frag_type": "EF",
            "upward_only": false,
            "height": 36800.0,
            "number": 1,
            "mass_percent": 15.0,
            "sigma": null,
            "gamma": null,
            "erosion_coeff": 1.0000000000000001e-07,
            "grain_mass_min": 0.0001,
            "grain_mass_max": 0.001,
            "mass_index": 2.0,
            "time": 8.704999999999961,
            "dyn_pressure": 2733894.4952988783,
            "velocity": 21582.50211068981,
            "parent_mass": 1659.3249777909825,
            "mass": 248.89874666864736,
            "final_mass": null,
            "main_time_data": [],
            "main_height_data": [],
            "main_luminosity": [],
            "main_abs_mag": [],
            "main_tau_over_lum": [],
            "main_tau": [],
            "grains_time_data": [],
            "grains_height_data": [],
            "grains_luminosity": [],