{
    "dt": 0.04,
    "total_time": 22.599999999999696,
    "n_active": 0,
    "m_kill": 1e-14,
    "v_kill": 3000.0,
    "h_kill": 3365.0,
    "len_kill": -1000.0,
    "h_init": 180000.0,
    "P_0m": 3030.0,
    "dens_co": [
        1.322109848167246,
        -166.73287832219123,
        3026.093948870348,
        -34285.358848399235,
        126515.77040651061,
        189981.1153991067,
        -1395300.8668588097
    ],
    "r_earth": 6370924.024554065,
    "total_fragments": 69,
    "wake_psf": 3.0,
    "wake_extension": 200.0,
    "rho": 1500.0,
    "m_init": 3000000.0,
    "v_init": 12080.0,
    "shape_factor": 0.8,
    "sigma": 5e-09,
    "zenith_angle": 0.8567123166339365,
    "gamma": 1.0,
    "rho_grain": 3500.0,
    "lum_eff_type": 7,
    "lum_eff": 0.7,
    "mu": 3.8180000000000003e-26,
    "erosion_on": false,
    "erosion_bins_per_10mass": 2,
    "erosion_height_start": 44783.0,
    "erosion_coeff": 3.3e-07,
    "erosion_height_change": 6365.0,
    "erosion_coeff_change": 3.3e-07,
    "erosion_rho_change": 1500.0,
    "erosion_sigma_change": 5e-09,
    "erosion_mass_index": 2.5,
    "erosion_mass_min": 1e-11,
    "erosion_mass_max": 5e-10,
    "disruption_on": false,
    "compressive_strength": 2000.0,
    "disruption_height": null,
    "disruption_erosion_coeff": 3.3e-07,
    "disruption_mass_index": 2.0,
    "disruption_mass_min_ratio": 0.01,
    "disruption_mass_max_ratio": 0.1,
    "disruption_mass_grain_ratio": 0.25,
    "fragmentation_on": true,
    "fragmentation_show_individual_lcs": true,
    "fragmentation_entries": [
        {
            "id": 0,
            "done": true,
            "frag_type": "EF",
            "upward_only": false,
            "height": 25500.0,
            "number": 1,
            "mass_percent": 75.0,
            "sigma": null,
            "gamma": null,
            "erosion_coeff": 1e-06,
            "grain_mass_min": 10.0,
            "grain_mass_max": 50.0,
            "mass_index": 2.5,
            "time": 19.839999999999755,
            "dyn_pressure": 4579782.545617178,
            "velocity": 11895.18628092389,
            "parent_mass": 2966931.2982342984,
            "mass": 2225198.4736757237,
            "final_mass": 0.0037366165285774577,
            "main_time_data": [],
            "main_height_data": [],
            "main_luminosity": [],
            "main_abs_mag": [],
            "main_tau_over_lum": [],
            "main_tau": [],
            "grains_time_data": [],
            "grains_height_data": [],
            "grains_luminosity": [],
            "grains_abs_mag": [],
            "grains_tau_over_lum": [],
            "grains_tau": []
        },
        {
            "id": 1,
            "done": true,
            "frag_type": "EF",
            "upward_only": false,
            "height": 23000.0,
            "number": 1,
            "mass_percent": 100.0,
            "sigma": null,
            "gamma": null,
            "erosion_coeff": 3e-06,
            "grain_mass_min": 10.0,
            "grain_mass_max": 500.0,
            "mass_index": 2.5,
            "time": 20.199999999999747,
            "dyn_pressure": 7027307.799076032,
            "velocity": 11752.884997384745,
            "parent_mass": 735505.2835773383,
            "mass": 735505.2835773383,
            "final_mass": 0.003925081526019813,
            "main_time_data": [],
            "main_height_data": [],
            "main_luminosity": [],
            "main_abs_mag": [],
            "main_tau_over_lum": [],
            "main_tau": [],
            "grains_time_data": [],
            "grains_height_data": [],
            "grains_luminosity": [],
            "grains_abs_mag": [],
            "grains_tau_over_lum": [],
            "grains_tau": []
        }
    ],
    "fragmentation_file_name": "metsim_fragmentation.txt",
    "electron_density_meas_ht": -1000.0,
    "electron_density_meas_q": -1.0,
    "erosion_beg_vel": null,
    "erosion_beg_mass": null,
    "erosion_beg_dyn_press": null,
    "mass_at_erosion_change": null,
    "energy_per_cs_before_erosion": null,
    "energy_per_mass_before_erosion": null,
    "main_mass_exhaustion_ht": 22713.431138068227,
    "main_bottom_ht": 22713.431138068227
}