{
    "dt": 0.01,
    "total_time": 11.279999999999804,
    "n_active": 0,
    "m_kill": 1e-14,
    "v_kill": 3000.0,
    "h_kill": -2105.0,
    "len_kill": -1000.0,
    "h_init": 180000.0,
    "P_0m": 3030.0,
    "dens_co": [
        1.5623477230425395,
        -182.0815320881501,
        3307.4671598916357,
        -35529.03363982891,
        106845.23994645561,
        402502.68732493307,
        -1951588.9348389623
    ],
    "r_earth": 6370096.844700582,
    "total_fragments": 357,
    "wake_psf": 3.0,
    "wake_extension": 200.0,
    "rho": 1500.0,
    "m_init": 2500000.0,
    "v_init": 18550.0,
    "shape_factor": 0.8,
    "sigma": 5e-09,
    "zenith_angle": 0.4963192793896275,
    "gamma": 1.0,
    "rho_grain": 3500.0,
    "lum_eff_type": 7,
    "lum_eff": 0.7,
    "mu": 3.8180000000000003e-26,
    "erosion_on": false,
    "erosion_bins_per_10mass": 2,
    "erosion_height_start": 41370.0,
    "erosion_coeff": 3.3e-07,
    "erosion_height_change": 895.0,
    "erosion_coeff_change": 3.3e-07,
    "erosion_rho_change": 1500.0,
    "erosion_sigma_change": 5e-09,
    "erosion_mass_index": 2.5,
    "erosion_mass_min": 1e-11,
    "erosion_mass_max": 5e-10,
    "disruption_on": false,
    "compressive_strength": 2000.0,
    "disruption_height": null,
    "disruption_erosion_coeff": 3.3e-07,
    "disruption_mass_index": 2.0,
    "disruption_mass_min_ratio": 0.01,
    "disruption_mass_max_ratio": 0.1,
    "disruption_mass_grain_ratio": 0.25,
    "fragmentation_on": true,
    "fragmentation_show_individual_lcs": true,
    "fragmentation_entries": [
        {
            "id": 0,
            "done": true,
            "frag_type": "EF",
            "upward_only": false,
            "height": 41688.0,
            "number": 1,
            "mass_percent": 13.234,
            "sigma": null,
            "gamma": null,
            "erosion_coeff": 1.8624000000000002e-06,
            "grain_mass_min": 6.34,
            "grain_mass_max": 376.0,
            "mass_index": 2.5,
            "time": 8.499999999999863,
            "dyn_pressure": 1092028.5664095154,
            "velocity": 18526.38565743167,
            "parent_mass": 2494532.265351841,
            "mass": 330126.3999966627,
            "final_mass": null,
            "main_time_data": [],
            "main_height_data": [],
            "main_luminosity": [],
            "main_abs_mag": [],
            "main_tau_over_lum": [],
            "main_tau": [],
            "grains_time_data": [],
            "grains_height_data": [],
            "grains_luminosity": [],
            "grains_abs_mag": [],
            "grains_tau_over_lum": [],
            "grains_tau": []
        },
        {
            "id": 1,
            "done": true,
            "frag_type": "EF",
            "upward_only": false,
            "height": 34296.0,
            "number": 1,
            "mass_percent": 21.269,
            "sigma": null,
            "gamma": null,
            "erosion_coeff": 2.1499999999999997e-06,
            "grain_mass_min": 20.2,
            "grain_mass_max": 597.0,
            "mass_index": 2.5,
            "time": 8.959999999999853,
            "dyn_pressure": 2939130.7116197576,
            "velocity": 18485.687116116933,
            "parent_mass": 2156269.5595794856,
            "mass": 458616.9726269608,
            "final_mass": null,
            "main_time_data": [],
            "main_height_data": [],
            "main_luminosity": [],
            "main_abs_mag": [],
            "main_tau_over_lum": [],
            "main_tau": [],
            "grains_time_data": [],
            "grains_height_data": [],
            "grains_luminosity": [],
            "grains_abs_mag": [],
            "grains_tau_over_lum": [],
            "grains_tau": []
        },
        {
            "id": 2,
            "done": true,
            "frag_type": "EF",
            "upward_only": false,
            "height": 32470.999999999996,
            "number": 1,
            "mass_percent": 27.86,
            "sigma": null,
            "gamma": null,
            "erosion_coeff": 5.84e-06,
            "grain_mass_min": 53.1,
            "grain_mass_max": 462.0,
            "mass_index": 2.5,
            "time": 9.069999999999851,
            "dyn_pressure": 3779589.544947376,
            "velocity": 18466.663556806823,
            "parent_mass": 1694671.2167670694,
            "mass": 472135.4009913056,
            "final_mass": null,
            "main_time_data": [],
            "main_height_data": [],
            "main_luminosity": [],
            "main_abs_mag": [],
            "main_tau_over_lum": [],
            "main_tau": [],
            "grains_time_data": [],
            "grains_height_data": [],
            "grains_luminosity": [],
            "grains_abs_mag": [],
            "grains_tau_over_lum": [],
            "grains_tau": []
        },
        {
            "id": 3,
            "done": true,
            "frag_type": "EF",
            "upward_only": false,
            "height": 28957.0,
            "number": 1,
            "mass_percent": 47.003,
            "sigma": null,
            "gamma": null,
            "erosion_coeff": 1.0487e-06,
            "grain_mass_min": 1.47,
            "grain_mass_max": 6.02,
            "mass_index": 2.5,
            "time": 9.289999999999846,
            "dyn_pressure": 6405823.96664309,
            "velocity": 18403.50348103298,
            "parent_mass": 1215437.096737335,
            "mass": 571291.8985794495,
            "final_mass": null,
            "main_time_data": [],
            "main_height_data": [],
            "main_luminosity": [],
            "main_abs_mag": [],
            "main_tau_over_lum": [],
            "main_tau": [],
            "grains_time_data": [],
            "grains_height_data": [],
            "grains_luminosity": [],
            "grains_abs_mag": [],
            "grains_tau_over_lum": [],
            "grains_tau": []
        },
        {
            "id": 4,
            "done": true,
            "frag_type": "EF",
            "upward_only": false,
            "height": 27491.0,
            "number": 1,
            "mass_percent": 85.197,
            "sigma": null,
            "gamma": null,
            "erosion_coeff": 1.4461e-06,
            "grain_mass_min": 0.445,
            "grain_mass_max": 1.72,
            "mass_index": 2.5,
            "time": 9.379999999999844,
            "dyn_pressure": 8030097.123260993,
            "velocity": 18357.181880054464,
            "parent_mass": 641407.5058716157,
            "mass": 546459.9527774404,
            "final_mass": null,
            "main_time_data": [],
            "main_height_data": [],
            "main_luminosity": [],
            "main_abs_mag": [],
            "main_tau_over_lum": [],
            "main_tau": [],
            "grains_time_data": [],
            "grains_height_data": [],
            "grains_luminosity": [],
            "grains_abs_mag": [],
            "grains_tau_over_lum": [],
            "grains_tau": []
        },
        {
            "id": 5,
            "done": true,
            "frag_type": "D",
            "upward_only": false,
            "height": 23426.0,
            "number": null,
            "mass_percent": 67.534,
            "sigma": null,
            "gamma": null,
            "erosion_coeff": null,
            "grain_mass_min": 1.47,
            "grain_mass_max": 5.04,
            "mass_index": 2.5,
            "time": 9.639999999999839,
            "dyn_pressure": 15654993.666921038,
            "velocity": 17953.10888391869,
            "parent_mass": 91522.67219652252,
            "mass": 61808.92144119952,
            "final_mass": null,
            "main_time_data": [],
            "main_height_data": [],
            "main_luminosity": [],
            "main_abs_mag": [],
            "main_tau_over_lum": [],
            "main_tau": [],
            "grains_time_data": [],
            "grains_height_data": [],
            "grains_luminosity": [],